"","seqnames","splice_start","splice_end","splice_width","strand","cpt_start","cpt_end","cpt_width","X","entrez.id","id","Nchng.pts","intron_seq","intron_start","intron_end","intron_width","exon.anno","exon.anno2","exon.anno3","utr3.end","cds.start","cds.end","idx","counter","id2","splice_reads","total_reads","ratio_splice","baseMean","log2FoldChange","lfcSE","stat","pvalue","padj","start_rng_cvg","end_rng_cvg","medCVG_up_all","meanCVG_up_all","all_splice_up","whole_cvg_up","up_splice_ratio_all","medCVG_dwn_all","meanCVG_dwn_all","all_splice_dwn","whole_cvg_dwn","dwn_splice_ratio_all","tpm","ipa_sel","exon.start","exon.end"
"72","chr1",207050923,207051023,101,"+",207050973,207050973,1,74,5208,"5208 intron3",5,"chr1",207042213,207053039,10827,"intron","intron","intron",0,0,0,"5208 intron3","5","5208 intron3_5",0,42,0,46.3333333333333,3.54056289541236,1.63318712956596,2.16788562150457,0.0301673901118011,0.0398286839826742,207050773,207051173,27,27.1691542288557,0,136,0,0,1.36318407960199,0,24,0,2.07337566719247,"skipped_ipa",207050685,207050973
"686","chr18",32071528,32071628,101,"+",32071578,32071578,1,15,54941,"54941 intron5",5,"chr18",32066010,32087897,21888,"cds,intron","cds.utr3,intron,intron.utr3","intron",0,32068298,32068384,"54941 intron5","4","54941 intron5_4",0,70,0,67,0.763825242268723,0.292189366461082,2.61414455809931,0.00894511805699734,0.0147063805343855,32071378,32071778,30,28.3134328358209,0,131,0,18,17.8507462686567,0,92,0,1.99714862060451,"composite_ipa",32066010,32071578
"687","chr18",32073017,32073117,101,"+",32073067,32073067,1,16,54941,"54941 intron5",5,"chr18",32066010,32087897,21888,"cds,intron","cds.utr3,intron,intron.utr3","intron",0,32068298,32068384,"54941 intron5","5","54941 intron5_5",0,18,0,21.5,2.62448980688073,0.942486195922864,2.78464535420689,0.00535862972830876,0.00976395626738247,32072867,32073267,10,10.8756218905473,0,61,0,1,2.25870646766169,0,14,0,0.929969968373094,"composite_ipa",32066010,32073067
"1420","chr7",106256283,106256383,101,"-",106256333,106256333,1,12,10135,"10135 intron9",5,"chr7",106254505,106261587,7083,"intron","intron","intron",0,0,0,"10135 intron9","5","10135 intron9_5",0,74,0,69,0.652076853373563,0.254003915459687,2.56719213242622,0.0102525786786773,0.0164780723597845,106256133,106256533,17,17.2885572139303,0,92,0,29,28.9850746268657,0,147,0,2.24107516968598,"composite_ipa",106256333,106261587
